{"cameraMode":{"drawMode":0,"name":"Shaded","section":"Shading Mode"},"sceneLighting":false,"audioPlay":false,"sceneViewState":{"m_AlwaysRefresh":false,"showFog":true,"showSkybox":false,"showFlares":true,"showImageEffects":true,"showParticleSystems":true,"showVisualEffectGraphs":true,"m_FxEnabled":true},"in2DMode":false,"pivot":{"x":-12.59897232055664,"y":4.759892463684082,"z":27.833438873291017},"rotation":{"x":0.02831496298313141,"y":0.9547569751739502,"z":-0.09657838940620423,"w":0.28002476692199709},"size":5.4990386962890629,"orthographic":false}